teamId,date,scoringPeriodId,slot,playerId,playerName
1,2014-04-02,12,C,2122,Matt Wieters
1,2014-04-02,12,1B,1612,Joey Votto
1,2014-04-02,12,2B,3887,Jedd Gyorko
1,2014-04-02,12,3B,1267,Ryan Zimmerman
1,2014-04-02,12,SS,2430,Everth Cabrera
1,2014-04-02,12,IF,2132,Mark Trumbo
1,2014-04-02,12,LF,4553,Yoenis Cespedes
1,2014-04-02,12,CF,1579,Jacoby Ellsbury
1,2014-04-02,12,RF,5068,Yasiel Puig
1,2014-04-02,12,OF,627,Michael Cuddyer
1,2014-04-02,12,UTIL,1568,Billy Butler
1,2014-04-02,12,P,3548,Alex Cobb
1,2014-04-02,12,P,1427,Matt Garza
1,2014-04-02,12,P,3740,Zack Wheeler
1,2014-04-02,12,P,2192,Sergio Santos
1,2014-04-02,12,SP,1879,Clayton Kershaw
1,2014-04-02,12,SP,1233,Justin Verlander
1,2014-04-02,12,SP,1145,Francisco Liriano
1,2014-04-02,12,RP,4418,Trevor Rosenthal
1,2014-04-02,12,RP,3638,Jim Henderson
1,2014-04-02,12,RP,1410,Jose Veras
1,2014-04-02,12,Bench,1894,Jed Lowrie
1,2014-04-02,12,Bench,4551,George Springer
1,2014-04-02,12,Bench,4557,Adam Eaton
1,2014-04-02,12,Bench,2318,Michael Brantley
1,2014-04-02,12,DL,3559,Manny Machado
2,2014-04-02,12,C,824,Joe Mauer
2,2014-04-02,12,1B,3486,Paul Goldschmidt
2,2014-04-02,12,2B,1139,Robinson Cano
2,2014-04-02,12,3B,375,Aramis Ramirez
2,2014-04-02,12,SS,1130,Hanley Ramirez
2,2014-04-02,12,IF,846,Adrian Gonzalez
2,2014-04-02,12,LF,3964,Khris Davis
2,2014-04-02,12,CF,3280,Mike Trout
2,2014-04-02,12,RF,2489,Josh Reddick
2,2014-04-02,12,OF,424,Alfonso Soriano
2,2014-04-02,12,UTIL,2025,Pablo Sandoval
2,2014-04-02,12,P,1888,Justin Masterson
2,2014-04-02,12,P,731,Jake Peavy
2,2014-04-02,12,P,5006,Archie Bradley
2,2014-04-02,12,P,None,None
2,2014-04-02,12,SP,844,Adam Wainwright
2,2014-04-02,12,SP,3553,Julio Teheran
2,2014-04-02,12,SP,2512,Jordan Zimmermann
2,2014-04-02,12,RP,3056,Craig Kimbrel
2,2014-04-02,12,RP,177,LaTroy Hawkins
2,2014-04-02,12,RP,890,Jose Valverde
2,2014-04-02,12,Bench,2491,Wilin Rosario
2,2014-04-02,12,Bench,3704,Will Middlebrooks
2,2014-04-02,12,Bench,4535,Kolten Wong
2,2014-04-02,12,Bench,956,Grady Sizemore
2,2014-04-02,12,Bench,4683,Brad Miller
2,2014-04-02,12,DL,1367,Casey Janssen
3,2014-04-02,12,C,5444,Evan Gattis
3,2014-04-02,12,1B,969,Edwin Encarnacion
3,2014-04-02,12,2B,1433,Ben Zobrist
3,2014-04-02,12,3B,386,Adrian Beltre
3,2014-04-02,12,SS,539,Jimmy Rollins
3,2014-04-02,12,IF,2186,Chris Carter
3,2014-04-02,12,LF,1357,Martin Prado
3,2014-04-02,12,CF,1011,B.J. Upton
3,2014-04-02,12,RF,2194,Jason Heyward
3,2014-04-02,12,OF,1985,Brett Gardner
3,2014-04-02,12,UTIL,331,Torii Hunter
3,2014-04-02,12,P,1636,Tyler Clippard
3,2014-04-02,12,P,2174,Mark Melancon
3,2014-04-02,12,P,2870,Al Alburquerque
3,2014-04-02,12,P,455,Tim Hudson
3,2014-04-02,12,SP,1129,Felix Hernandez
3,2014-04-02,12,SP,3387,Chris Sale
3,2014-04-02,12,SP,1864,David Price
3,2014-04-02,12,RP,1983,David Robertson
3,2014-04-02,12,RP,2648,Kenley Jansen
3,2014-04-02,12,RP,4665,Cody Allen
3,2014-04-02,12,Bench,1132,Ian Kinsler
3,2014-04-02,12,Bench,3756,Christian Yelich
3,2014-04-02,12,Bench,1363,Erick Aybar
3,2014-04-02,12,Bench,1580,Phil Hughes
3,2014-04-02,12,DL,1432,Michael Bourn
4,2014-04-02,12,C,2816,Jonathan Lucroy
4,2014-04-02,12,1B,703,Mark Teixeira
4,2014-04-02,12,2B,1271,Dustin Pedroia
4,2014-04-02,12,3B,2269,Pedro Alvarez
4,2014-04-02,12,SS,1613,Asdrubal Cabrera
4,2014-04-02,12,IF,737,Brandon Phillips
4,2014-04-02,12,LF,1659,Ryan Braun
4,2014-04-02,12,CF,2869,Desmond Jennings
4,2014-04-02,12,RF,961,Jose Bautista
4,2014-04-02,12,OF,1578,Alex Gordon
4,2014-04-02,12,UTIL,2789,Ben Revere
4,2014-04-02,12,P,2398,Koji Uehara
4,2014-04-02,12,P,1429,Jim Johnson
4,2014-04-02,12,P,1113,Huston Street
4,2014-04-02,12,P,None,None
4,2014-04-02,12,SP,601,CC Sabathia
4,2014-04-02,12,SP,1403,Jon Lester
4,2014-04-02,12,SP,5114,Alex Wood
4,2014-04-02,12,RP,3384,Greg Holland
4,2014-04-02,12,RP,441,Joe Nathan
4,2014-04-02,12,RP,3979,Addison Reed
4,2014-04-02,12,Bench,850,Jose Reyes
4,2014-04-02,12,Bench,5655,Masahiro Tanaka
4,2014-04-02,12,Bench,687,Adam Dunn
4,2014-04-02,12,Bench,658,R.A. Dickey
4,2014-04-02,12,Bench,4503,Hisashi Iwakuma
4,2014-04-02,12,DL,2694,Doug Fister
5,2014-04-02,12,C,2659,Carlos Santana
5,2014-04-02,12,1B,825,Justin Morneau
5,2014-04-02,12,2B,3466,Jason Kipnis
5,2014-04-02,12,3B,1581,Evan Longoria
5,2014-04-02,12,SS,2416,Elvis Andrus
5,2014-04-02,12,IF,3841,Matt Adams
5,2014-04-02,12,LF,1600,Carlos Gonzalez
5,2014-04-02,12,CF,1643,Andrew McCutchen
5,2014-04-02,12,RF,2971,Giancarlo Stanton
5,2014-04-02,12,OF,997,Matt Holliday
5,2014-04-02,12,UTIL,725,Victor Martinez
5,2014-04-02,12,P,None,None
5,2014-04-02,12,P,None,None
5,2014-04-02,12,P,None,None
5,2014-04-02,12,P,None,None
5,2014-04-02,12,SP,None,None
5,2014-04-02,12,SP,None,None
5,2014-04-02,12,SP,None,None
5,2014-04-02,12,RP,None,None
5,2014-04-02,12,RP,None,None
5,2014-04-02,12,RP,None,None
5,2014-04-02,12,Bench,5058,Jose Fernandez
5,2014-04-02,12,Bench,973,J.J. Hardy
5,2014-04-02,12,Bench,1165,Nelson Cruz
5,2014-04-02,12,Bench,2820,Mike Moustakas
5,2014-04-02,12,Bench,2237,Eric Young Jr.
5,2014-04-02,12,Bench,3440,Corey Kluber
5,2014-04-02,12,Bench,3421,Sean Doolittle
5,2014-04-02,12,Bench,1647,Tim Lincecum
5,2014-04-02,12,Bench,1460,Adam Lind
5,2014-04-02,12,Bench,1365,Howie Kendrick
5,2014-04-02,12,Bench,4527,Norichika Aoki
5,2014-04-02,12,Bench,1663,Alejandro De Aza
5,2014-04-02,12,Bench,2298,Yonder Alonso
5,2014-04-02,12,Bench,2697,Dustin Ackley
5,2014-04-02,12,DL,None,None
6,2014-04-02,12,C,1212,Brian McCann
6,2014-04-02,12,1B,5600,Jose Abreu
6,2014-04-02,12,2B,828,Chase Utley
6,2014-04-02,12,3B,4087,Xander Bogaerts
6,2014-04-02,12,SS,1452,Troy Tulowitzki
6,2014-04-02,12,IF,1373,Mike Napoli
6,2014-04-02,12,LF,1762,Justin Upton
6,2014-04-02,12,CF,1140,Shin-Soo Choo
6,2014-04-02,12,RF,413,Carlos Beltran
6,2014-04-02,12,OF,3504,Billy Hamilton
6,2014-04-02,12,UTIL,3499,Jean Segura
6,2014-04-02,12,P,4554,Gerrit Cole
6,2014-04-02,12,P,1610,Homer Bailey
6,2014-04-02,12,P,2490,Mat Latos
6,2014-04-02,12,P,3462,Chris Archer
6,2014-04-02,12,SP,1870,Max Scherzer
6,2014-04-02,12,SP,5135,Michael Wacha
6,2014-04-02,12,SP,4611,Tony Cingrani
6,2014-04-02,12,RP,1630,Joakim Soria
6,2014-04-02,12,RP,2011,Tommy Hunter
6,2014-04-02,12,RP,5045,J.J. Hoover
6,2014-04-02,12,Bench,3590,Salvador Perez
6,2014-04-02,12,Bench,3047,Brett Lawrie
6,2014-04-02,12,Bench,4290,Drew Smyly
6,2014-04-02,12,Bench,2068,Dexter Fowler
6,2014-04-02,12,DL,1148,Cole Hamels
7,2014-04-02,12,C,2380,Buster Posey
7,2014-04-02,12,1B,1981,Chris Davis
7,2014-04-02,12,2B,4144,Jose Altuve
7,2014-04-02,12,3B,897,Miguel Cabrera
7,2014-04-02,12,SS,4207,Andrelton Simmons
7,2014-04-02,12,IF,613,Albert Pujols
7,2014-04-02,12,LF,741,Carl Crawford
7,2014-04-02,12,CF,1697,Carlos Gomez
7,2014-04-02,12,RF,1730,Nate Schierholtz
7,2014-04-02,12,OF,650,Josh Hamilton
7,2014-04-02,12,UTIL,3215,Anthony Rizzo
7,2014-04-02,12,P,2698,Stephen Strasburg
7,2014-04-02,12,P,4570,Danny Salazar
7,2014-04-02,12,P,491,A.J. Burnett
7,2014-04-02,12,P,1861,Hiroki Kuroda
7,2014-04-02,12,SP,2584,Madison Bumgarner
7,2014-04-02,12,SP,2009,Jeff Samardzija
7,2014-04-02,12,SP,1214,C.J. Wilson
7,2014-04-02,12,RP,624,Rafael Soriano
7,2014-04-02,12,RP,765,Fernando Rodney
7,2014-04-02,12,RP,814,Francisco Rodriguez
7,2014-04-02,12,Bench,848,Shane Victorino
7,2014-04-02,12,Bench,2013,Daniel Murphy
7,2014-04-02,12,Bench,1798,Emilio Bonifacio
7,2014-04-02,12,Bench,1835,Seth Smith
7,2014-04-02,12,DL,3021,Mike Minor
8,2014-04-02,12,C,1019,Yadier Molina
8,2014-04-02,12,1B,1765,Brandon Moss
8,2014-04-02,12,2B,1125,Aaron Hill
8,2014-04-02,12,3B,1735,Chase Headley
8,2014-04-02,12,SS,2808,Starlin Castro
8,2014-04-02,12,IF,3354,Brandon Belt
8,2014-04-02,12,LF,2745,Allen Craig
8,2014-04-02,12,CF,4066,Leonys Martin
8,2014-04-02,12,RF,954,Alex Rios
8,2014-04-02,12,OF,1885,Colby Rasmus
8,2014-04-02,12,UTIL,343,David Ortiz
8,2014-04-02,12,P,1331,Jered Weaver
8,2014-04-02,12,P,902,Dan Haren
8,2014-04-02,12,P,3600,Nate Jones
8,2014-04-02,12,P,1774,Clay Buchholz
8,2014-04-02,12,SP,4529,Yu Darvish
8,2014-04-02,12,SP,811,Cliff Lee
8,2014-04-02,12,SP,1392,James Shields
8,2014-04-02,12,RP,1255,Jonathan Papelbon
8,2014-04-02,12,RP,555,Jason Grilli
8,2014-04-02,12,RP,2281,Ernesto Frieri
8,2014-04-02,12,Bench,1103,Curtis Granderson
8,2014-04-02,12,Bench,2036,Will Venable
8,2014-04-02,12,Bench,2263,Devin Mesoraco
8,2014-04-02,12,Bench,3143,Dee Gordon
8,2014-04-02,12,DL,None,None
9,2014-04-02,12,C,2472,Jason Castro
9,2014-04-02,12,1B,2487,Freddie Freeman
9,2014-04-02,12,2B,3474,Matt Carpenter
9,2014-04-02,12,3B,1044,David Wright
9,2014-04-02,12,SS,2215,Ian Desmond
9,2014-04-02,12,IF,3452,Eric Hosmer
9,2014-04-02,12,LF,3274,Starling Marte
9,2014-04-02,12,CF,1418,Adam Jones
9,2014-04-02,12,RF,1872,Jay Bruce
9,2014-04-02,12,OF,739,Marlon Byrd
9,2014-04-02,12,UTIL,2469,Justin Smoak
9,2014-04-02,12,P,688,Grant Balfour
9,2014-04-02,12,P,1873,Johnny Cueto
9,2014-04-02,12,P,3545,Rex Brothers
9,2014-04-02,12,P,1624,Matt Lindstrom
9,2014-04-02,12,SP,957,Zack Greinke
9,2014-04-02,12,SP,1324,Anibal Sanchez
9,2014-04-02,12,SP,1137,Matt Cain
9,2014-04-02,12,RP,1979,Sergio Romo
9,2014-04-02,12,RP,1334,Glen Perkins
9,2014-04-02,12,RP,3003,Danny Farquhar
9,2014-04-02,12,Bench,3735,Oswaldo Arcia
9,2014-04-02,12,Bench,5053,Dan Straily
9,2014-04-02,12,Bench,5150,Byron Buxton
9,2014-04-02,12,Bench,2028,Marco Estrada
9,2014-04-02,12,DL,2798,Aroldis Chapman
11,2014-04-02,12,C,1466,Miguel Montero
11,2014-04-02,12,1B,978,Prince Fielder
11,2014-04-02,12,2B,4573,Anthony Rendon
11,2014-04-02,12,3B,3256,Kyle Seager
11,2014-04-02,12,SS,4448,Jonathan Villar
11,2014-04-02,12,IF,2197,Josh Donaldson
11,2014-04-02,12,LF,3390,Bryce Harper
11,2014-04-02,12,CF,793,Coco Crisp
11,2014-04-02,12,RF,3738,Wil Myers
11,2014-04-02,12,OF,1629,Hunter Pence
11,2014-04-02,12,UTIL,2783,Domonic Brown
11,2014-04-02,12,P,4555,Sonny Gray
11,2014-04-02,12,P,3561,Matt Moore
11,2014-04-02,12,P,2402,Andrew Cashner
11,2014-04-02,12,P,4350,Yordano Ventura
11,2014-04-02,12,SP,3161,Shelby Miller
11,2014-04-02,12,SP,1878,Gio Gonzalez
11,2014-04-02,12,SP,5078,Hyun-Jin Ryu
11,2014-04-02,12,RP,2058,Bobby Parnell
11,2014-04-02,12,RP,3404,Steve Cishek
11,2014-04-02,12,RP,2707,John Axford
11,2014-04-02,12,Bench,542,Jayson Werth
11,2014-04-02,12,Bench,2467,Wilson Ramos
11,2014-04-02,12,Bench,2177,Austin Jackson
11,2014-04-02,12,Bench,1863,Alexei Ramirez
11,2014-04-02,12,DL,1393,Matt Kemp
